codigos_folleto,descripcion_producto,categoria,marca,gramaje,unidad_medida,promocion,vigencia,precio_regular,precio_oferta,revision,observaciones,Pagina,upc_catalogo,date,canal,item,url_sku
1136992,CREMA HIDRATANTE,Cuidado de la piel,CETAPHIL,453,gr,50% De Ahorro,,,,,,./competitors/Guadalajara/folletos\0001 (2).jpg,7897930762053,16-12-2025,Farmacias Guadalajara," Cetaphil Crema Hidratante, 453 gr.",http://www.farmaciasguadalajara.com/salud-es/dermatologia/cetaphil-crema-hidratante-453-gr-1136992
,MULTIPLE_PRODUCTOS,Cuidado de la piel,ENDOCARE,,,30% De Ahorro,,,,,Promoción aplicada a toda la línea de productos Endocare.,./competitors/Guadalajara/folletos\0001 (2).jpg,,16-12-2025,Farmacias Guadalajara,,
808148,KITS FOTOPROTECTOR SOLAR + SERUM,Cuidado de la piel,KDELLE,,,GRATIS SERUM,,,115.0,,,./competitors/Guadalajara/folletos\0001 (2).jpg,20808143,16-12-2025,Farmacias Guadalajara," Kit Solar Kdelle FPS 50+ Protector Solar Facial en Crema-Gel + Gratis Serum Alta Humectación, 2 pzas.",http://www.farmaciasguadalajara.com/salud-es/dermatologia/kit-solar-kdelle-fps-50-protector-solar-facial-en-crema-gel-gratis-serum-alta-humectacion-2-pzas-808148
1352393,ÁRBOL DE NAVIDAD NEVADO,Decoración Navideña,BRIDGECO,1.8,m.,,del 01 al 14 de diciembre del 2025,,1189.0,,,./competitors/Guadalajara/folletos\0001.jpg,1352393,16-12-2025,Farmacias Guadalajara," Árbol de Navidad Bridgeco Nevado de 1.8 m, 1 pz.",http://www.farmaciasguadalajara.com/departamento/hogar/arbol-de-navidad-bridgeco-nevado-de-18-m-1-pz-1352393
1308483,ESFERAS,Decoración Navideña,BRIDGECO,30,pzs.,,del 01 al 14 de diciembre del 2025,,135.0,,La descripción también menciona 6 cm.,./competitors/Guadalajara/folletos\0001.jpg,1308483,16-12-2025,Farmacias Guadalajara," Esferas Navideñas Bridgeco Color Plata, 30 pzas.",http://www.farmaciasguadalajara.com/departamento/hogar/esferas-navidenas-bridgeco-color-plata-30-pzas-1308483
1352326,SERIES DE LUCES LED,Decoración Navideña,BRIDGECO,100,luces,,del 01 al 14 de diciembre del 2025,,75.0,,,./competitors/Guadalajara/folletos\0001.jpg,1352326,16-12-2025,Farmacias Guadalajara," Serie de Luces Led Bridgeco Navideñas Color Blanco Calido, 1 pz.",http://www.farmaciasguadalajara.com/departamento/hogar/Serie-de-Luces-Led-Bridgeco-Navidenas-Color-Blanco-Calido-1-pz-1352326
,MULTIPLE_PRODUCTOS,Decoración Navideña,BRIDGECO,,,20% DE AHORRO,del 01 al 14 de diciembre del 2025,,,,"La promoción aplica a 'Letreros de Feliz Navidad'. El precio no es visible, solo la promoción.",./competitors/Guadalajara/folletos\0001.jpg,,16-12-2025,Farmacias Guadalajara,,
1164821,BOLSA DE REGALO KRAFT MEDIANA,Envolturas de Regalo,GOMTOR,1,pza.,,del 01 al 14 de diciembre del 2025,,25.0,,,./competitors/Guadalajara/folletos\0001.jpg,,16-12-2025,Farmacias Guadalajara,,
1430190,LISTÓN NAVIDEÑO,Envolturas de Regalo,BRIDGECO,9.1,m.,,del 01 al 14 de diciembre del 2025,,35.0,,,./competitors/Guadalajara/folletos\0001.jpg,1430190,16-12-2025,Farmacias Guadalajara," Listón Navideño Bridgeco Varios Colores, 1 pz.",http://www.farmaciasguadalajara.com/departamento/hogar/liston-navideno-bridgeco-varios-colores-1-pz-1430190
,MULTIPLE_PRODUCTOS,Decoración Navideña,,,,20% DE AHORRO,del 01 al 14 de diciembre del 2025,,,,"La promoción aplica a 'Figuras Decorativas Navideñas'. El precio no es visible, solo la promoción. La marca no es visible.",./competitors/Guadalajara/folletos\0001.jpg,,16-12-2025,Farmacias Guadalajara,,
,MULTIPLE_PRODUCTOS,Envolturas de Regalo,DIPAK,,,20% DE AHORRO,del 01 al 14 de diciembre del 2025,,,,"La promoción aplica a 'Bolsas de Regalo'. El precio no es visible, solo la promoción.",./competitors/Guadalajara/folletos\0001.jpg,,16-12-2025,Farmacias Guadalajara,,
,MULTIPLE_PRODUCTOS,Cuidado Personal,MUSTELA,,,30% De Ahorro,Vigencia del 01 al 31 de diciembre de 2025.,,,,Aplica a la Línea Mustela. Excepto loción Hidratante Cuerpo 300 ml. y Maternité.,./competitors/Guadalajara/folletos\0002 (2).jpg,,16-12-2025,Farmacias Guadalajara,,
1298534,GEL LIMPIADOR ESPUMOSO,Cuidado Personal,CERAVE,236.0,ml,35% De Ahorro,Vigencia del 01 al 31 de diciembre de 2025.,,,,,./competitors/Guadalajara/folletos\0002 (2).jpg,3337875597197,16-12-2025,Farmacias Guadalajara," CeraVe Gel Limpiador Espumoso, 236 ml.",http://www.farmaciasguadalajara.com/salud-es/dermatologia/cerave-gel-limpiador-espumoso-236-ml-1298534
1298593,CREMA HIDRATANTE,Cuidado Personal,CERAVE,454.0,gr,35% De Ahorro,Vigencia del 01 al 31 de diciembre de 2025.,,,,,./competitors/Guadalajara/folletos\0002 (2).jpg,3337875597388,16-12-2025,Farmacias Guadalajara," CeraVe Crema Hidratante, 454 gr.",http://www.farmaciasguadalajara.com/salud-es/dermatologia/cerave-crema-hidratante-454-gr-1298593
1298631,LOCIÓN HIDRATANTE,Cuidado Personal,CERAVE,473.0,ml,35% De Ahorro,Vigencia del 01 al 31 de diciembre de 2025.,,,,,./competitors/Guadalajara/folletos\0002 (2).jpg,3337875597395,16-12-2025,Farmacias Guadalajara," CeraVe Loción Hidratante para Piel Seca, 473 ml.",http://www.farmaciasguadalajara.com/salud-es/dermatologia/cerave-locion-hidratante-para-piel-seca-473-ml-1298631
,MULTIPLE_PRODUCTOS,Cuidado Personal,AVÈNE / DEXERYL,,,25% De Ahorro,Vigencia del 01 al 31 de diciembre de 2025.,,,,Aplica a todos los fotoprotectores Avène 250 y 500 gr o cremas Dexeryl. Excepto Packs.,./competitors/Guadalajara/folletos\0002 (2).jpg,,16-12-2025,Farmacias Guadalajara,,
,MULTIPLE_PRODUCTOS,Cuidado Personal,SESDERMA,,,30% De Ahorro,Vigencia del 01 al 31 de diciembre de 2025.,,,,Aplica a toda la línea Sesderma.,./competitors/Guadalajara/folletos\0002 (2).jpg,,16-12-2025,Farmacias Guadalajara,,
,MULTIPLE_PRODUCTOS,Cuidado Personal,ISDIN,,,20% De Ahorro,Vigencia del 01 al 31 de diciembre de 2025.,,,,Aplica a todo el catálogo Isdin.,./competitors/Guadalajara/folletos\0002 (2).jpg,,16-12-2025,Farmacias Guadalajara,,
,MULTIPLE_PRODUCTOS,Cuidado Personal,BIODERMA,,,40% De Ahorro,Vigencia del 01 al 31 de diciembre de 2025.,,,,"Aplica a todas las líneas Atoderm, Pigmentbio o Hydrabio.",./competitors/Guadalajara/folletos\0002 (2).jpg,,16-12-2025,Farmacias Guadalajara,,
809608,CREMA HIDRATANTE,Cuidado Personal,KDELLE,500.0,ml,50% De Ahorro,Vigencia del 01 al 31 de diciembre de 2025.,,,,,./competitors/Guadalajara/folletos\0002 (2).jpg,20809607,16-12-2025,Farmacias Guadalajara," Crema Corporal Hidratante Kdelle con Extracto de Calendúla y Savila, 500 ml.",http://www.farmaciasguadalajara.com/salud-es/dermatologia/crema-corporal-hidratante-kdelle-con-extracto-de-calendula-y-savila-500-ml-809608
809594,JABÓN FACIAL ESPUMOSO,Cuidado Personal,KDELLE,500.0,ml,50% De Ahorro,Vigencia del 01 al 31 de diciembre de 2025.,,,,,./competitors/Guadalajara/folletos\0002 (2).jpg,20809591,16-12-2025,Farmacias Guadalajara," Gel Limpiador Facial Kdelle Espumoso Vitamina B3 y Vitamina B5, 500 ml.",http://www.farmaciasguadalajara.com/salud-es/dermatologia/gel-limpiador-facial-kdelle-espumoso-vitamina-b3-y-vitamina-b5-500-ml-809594
1183990,GEL LIMPIADOR ESPUMOSO EFFACLAR,Cuidado Personal,LA ROCHE-POSAY,400.0,ml,30% De Ahorro,Vigencia del 01 al 31 de diciembre de 2025.,,,,,./competitors/Guadalajara/folletos\0002 (2).jpg,3337872411991,16-12-2025,Farmacias Guadalajara," La Roche Posay Limpiador Facial Effaclar Gel Purificante Para Piel Mixta a Grasa, 400 ml.",http://www.farmaciasguadalajara.com/salud-es/dermatologia/la-roche-posay-limpiador-facial-effaclar-gel-purificante-para-piel-mixta-a-grasa-400-ml-1183990
,MULTIPLE_PRODUCTOS,Cuidado Personal,ANACASTEL / MINOXIDIL / BPOLLEN,,,40% De Ahorro,Vigencia del 01 al 31 de diciembre de 2025.,,,,"Aplica a línea Anacastel, Minoxidil o Bpollen. Excepto Dúo.",./competitors/Guadalajara/folletos\0002 (2).jpg,,16-12-2025,Farmacias Guadalajara,,
1461680,JUGUETES FLEXORS FIGURAS FLEXIBLES,Juguetes,FLEXORS,1,pza.,20% DE AHORRO,01 al 14 de diciembre del 2025,,,,,./competitors/Guadalajara/folletos\0002.jpg,1461680,16-12-2025,Farmacias Guadalajara," Juguete Figura Flexible Flexors Food Beast Series Diferentes Modelos, 1 pz.",http://www.farmaciasguadalajara.com/departamento/jugueteria-es/juguete-figura-flexible-flexors-food-beast-series-diferentes-modelos-1-pz-1461680
,MULTIPLE_PRODUCTOS,Juguetes,,1,pza.,40% DE AHORRO,01 al 14 de diciembre del 2025,,,,"La descripción del producto es JUGUETES SQUISHY, pero incluye varias marcas como Bluey y Marvel.",./competitors/Guadalajara/folletos\0002.jpg,,16-12-2025,Farmacias Guadalajara,,
,MULTIPLE_PRODUCTOS,Juguetes,FISHER-PRICE,,,20% DE AHORRO,01 al 14 de diciembre del 2025,,,,La promoción aplica a varios juguetes de la marca Fisher-Price.,./competitors/Guadalajara/folletos\0002.jpg,,16-12-2025,Farmacias Guadalajara,,
,MULTIPLE_PRODUCTOS,Juguetes,HOT WHEELS,,,20% DE AHORRO,01 al 14 de diciembre del 2025,,,,La promoción aplica a VEHÍCULOS HOT WHEELS.,./competitors/Guadalajara/folletos\0002.jpg,,16-12-2025,Farmacias Guadalajara,,
,MULTIPLE_PRODUCTOS,Abarrotes,ENERGIZER,,,35% DE AHORRO,01 al 14 de diciembre del 2025,,,,"La promoción aplica a PILAS ENERGIZER AA, AAA, C, D ó 9V CUADRADA.",./competitors/Guadalajara/folletos\0002.jpg,,16-12-2025,Farmacias Guadalajara,,
805831,PILAS KROMICELL AA O AAA,Abarrotes,KROMICELL,7,pilas,4+3 pilas x $65.00,01 al 14 de diciembre del 2025,,65.0,,,./competitors/Guadalajara/folletos\0002.jpg,20805838,16-12-2025,Farmacias Guadalajara," Pilas Kromicell Alcalinas AA, 7 pzas.",http://www.farmaciasguadalajara.com/departamento/hogar/pilas-kromicell-alcalinas-aa-7-pzas-805831
,MULTIPLE_PRODUCTOS,Juguetes,PLAY-DOH,,,20% DE AHORRO,01 al 14 de diciembre del 2025,,,,La promoción aplica a JUGUETES PLAY-DOH.,./competitors/Guadalajara/folletos\0002.jpg,,16-12-2025,Farmacias Guadalajara,,
1431978,JUEGO DE CARTAS UNO SHOW'EM NO MERCY,Juguetes,UNO,,,,01 al 14 de diciembre del 2025,,135.0,,,./competitors/Guadalajara/folletos\0002.jpg,194735220809,16-12-2025,Farmacias Guadalajara," Juego de Cartas Uno Show 'Em No Mercy, 168 Cartas.",http://www.farmaciasguadalajara.com/departamento/jugueteria-es/juego-de-cartas-uno-show-em-no-mercy-168-cartas-1431978
1109448,MUÑECA BARBIE BÁSICA,Juguetes,BARBIE,1,pza.,,01 al 14 de diciembre del 2025,,110.0,,,./competitors/Guadalajara/folletos\0002.jpg,27084929539,16-12-2025,Farmacias Guadalajara," Muñeca Barbie Básica Diferentes Modelos, 1 pz.",http://www.farmaciasguadalajara.com/departamento/jugueteria-es/muneca-barbie-basica-diferentes-modelos-1-pz-1109448
,MULTIPLE_PRODUCTOS,Juguetes,EDUCACTIVITY,,,35% DE AHORRO,01 al 14 de diciembre del 2025,,,,La promoción aplica a la LÍNEA DE JUGUETES EDUCACTIVITY.,./competitors/Guadalajara/folletos\0002.jpg,,16-12-2025,Farmacias Guadalajara,,
,Tarjetas Regalo de Roblox,Tarjetas de regalo,ROBLOX,,,HASTA UN 25% MÁS DE ROBUX,01 al 14 de diciembre del 2025,,,,"La promoción consiste en un bono en el producto (más Robux), no en un descuento sobre el precio de la tarjeta.",./competitors/Guadalajara/folletos\0002.jpg,,16-12-2025,Farmacias Guadalajara,,
,MULTIPLE_PRODUCTOS,Cuidado de la piel,"KDELLE, Cicadelle",,,30% De Ahorro,Vigencia del 01 al 31 de diciembre de 2025.,,,,"Aplica para Línea KDELLE o Gel Cicadelle. Excepto packs, jabones y cremas 500 ml.",./competitors/Guadalajara/folletos\0003 (2).jpg,,16-12-2025,Farmacias Guadalajara,,
1403850,Geles Limpiadores Faciales para Piel Grasa,Cuidado de la piel,Cetaphil,237.0,ml,35% De Ahorro,Vigencia del 01 al 31 de diciembre de 2025.,,,,,./competitors/Guadalajara/folletos\0003 (2).jpg,3499320015530,16-12-2025,Farmacias Guadalajara," Cetaphil Limpiador Facial Diario para Piel Grasa, 473 ml.",http://www.farmaciasguadalajara.com/salud-es/dermatologia/cetaphil-limpiador-facial-diario-para-piel-grasa-473-ml-1403850
1403850,Geles Limpiadores Faciales para Piel Grasa,Cuidado de la piel,Cetaphil,473.0,ml,35% De Ahorro,Vigencia del 01 al 31 de diciembre de 2025.,,,,,./competitors/Guadalajara/folletos\0003 (2).jpg,3499320015530,16-12-2025,Farmacias Guadalajara," Cetaphil Limpiador Facial Diario para Piel Grasa, 473 ml.",http://www.farmaciasguadalajara.com/salud-es/dermatologia/cetaphil-limpiador-facial-diario-para-piel-grasa-473-ml-1403850
1403958,Crema Espumosa Limpiadora,Cuidado de la piel,Cetaphil,237.0,ml,35% De Ahorro,Vigencia del 01 al 31 de diciembre de 2025.,,,,,./competitors/Guadalajara/folletos\0003 (2).jpg,3499320015622,16-12-2025,Farmacias Guadalajara," Cetaphil Crema Limpiadora Espumosa Hidratante para Todo tipo de Piel Sensible, 237 ml.",http://www.farmaciasguadalajara.com/salud-es/dermatologia/cetaphil-crema-limpiadora-espumosa-hidratante-para-todo-tipo-de-piel-sensible-237-ml-1403958
,MULTIPLE_PRODUCTOS,Cuidado de la piel,"Avène, darrow",,,25% De Ahorro,Vigencia del 01 al 31 de diciembre de 2025.,,,,"Aplica para todas las líneas Cleanance, Xeracalm o Darrow Actine.",./competitors/Guadalajara/folletos\0003 (2).jpg,,16-12-2025,Farmacias Guadalajara,,
,MULTIPLE_PRODUCTOS,Cuidado de la piel,Eclipsol,,,40% De Ahorro,Vigencia del 01 al 31 de diciembre de 2025.,,,,Aplica para toda la línea Eclipsol.,./competitors/Guadalajara/folletos\0003 (2).jpg,,16-12-2025,Farmacias Guadalajara,,
,MULTIPLE_PRODUCTOS,Cuidado de la piel,Bepanthen,,,30% De Ahorro,Vigencia del 01 al 31 de diciembre de 2025.,,,,Aplica para línea Bepanthen Derma.,./competitors/Guadalajara/folletos\0003 (2).jpg,,16-12-2025,Farmacias Guadalajara,,
1458728,Fotoprotectores Heliocare Age Active Fluido,Cuidado de la piel,Heliocare,50.0,ml,30% De Ahorro,Vigencia del 01 al 31 de diciembre de 2025.,,,,,./competitors/Guadalajara/folletos\0003 (2).jpg,8470001977786,16-12-2025,Farmacias Guadalajara," Heliocare 360� Age Active Fluid SPF 50, 50 ml.",http://www.farmaciasguadalajara.com/salud-es/dermatologia/heliocare-360%C2%B0-age-active-fluid-spf-50-50-ml-1458728
1458930,Pediatrics Stick,Cuidado de la piel,Heliocare,25.0,gr,30% De Ahorro,Vigencia del 01 al 31 de diciembre de 2025.,,,,,./competitors/Guadalajara/folletos\0003 (2).jpg,8470002076747,16-12-2025,Farmacias Guadalajara," Heliocare 360� Pediatrics Stick SPF 50+, 25 gr.",http://www.farmaciasguadalajara.com/salud-es/dermatologia/heliocare-360%C2%B0-pediatrics-stick-spf-50-25-gr-1458930
,Serenity Crema Reparadora Hidratante para personas con Diabetes,Cuidado de la piel,Serenity,250.0,gr,35% De Ahorro,Vigencia del 01 al 31 de diciembre de 2025.,,,,,./competitors/Guadalajara/folletos\0003 (2).jpg,,16-12-2025,Farmacias Guadalajara,,
,MULTIPLE_PRODUCTOS,Cuidado de la piel,Eucerin,,,25% De Ahorro,Vigencia del 01 al 31 de diciembre de 2025.,,,,Aplica para todo el catálogo Eucerin.,./competitors/Guadalajara/folletos\0003 (2).jpg,,16-12-2025,Farmacias Guadalajara,,
,MULTIPLE_PRODUCTOS,Cuidado de la piel,Remexa,,,40% De Ahorro,Vigencia del 01 al 31 de diciembre de 2025.,,,,Aplica para todo el catálogo Remexa.,./competitors/Guadalajara/folletos\0003 (2).jpg,,16-12-2025,Farmacias Guadalajara,,
,Chip Morado,Telefonía,Mosi,12,GB,12GB x 12 meses,02 de junio al 31 de diciembre del 2025,,99.0,,Promoción válida por portabilidad. Requiere recarga mínima mensual de $199 durante los siguientes 11 meses para mantener los beneficios.,./competitors/Guadalajara/folletos\0003.jpg,,16-12-2025,Farmacias Guadalajara,,
,MULTIPLE_PRODUCTOS,Dermatológicos,Vichy,,,,del 01 al 31 de diciembre de 2025,,,,,./competitors/Guadalajara/folletos\0004 (2).jpg,,16-12-2025,Farmacias Guadalajara,,
,MULTIPLE_PRODUCTOS,Dermatológicos,Mustela,,,,del 01 al 31 de diciembre de 2025,,,,,./competitors/Guadalajara/folletos\0004 (2).jpg,,16-12-2025,Farmacias Guadalajara,,
,MULTIPLE_PRODUCTOS,Dermatológicos,La Roche-Posay,,,,del 01 al 31 de diciembre de 2025,,,,,./competitors/Guadalajara/folletos\0004 (2).jpg,,16-12-2025,Farmacias Guadalajara,,
,MULTIPLE_PRODUCTOS,Dermatológicos,Galderma,,,,del 01 al 31 de diciembre de 2025,,,,,./competitors/Guadalajara/folletos\0004 (2).jpg,,16-12-2025,Farmacias Guadalajara,,
,MULTIPLE_PRODUCTOS,Dermatológicos,Cetaphil,,,,del 01 al 31 de diciembre de 2025,,,,,./competitors/Guadalajara/folletos\0004 (2).jpg,,16-12-2025,Farmacias Guadalajara,,
,MULTIPLE_PRODUCTOS,Dermatológicos,Bioderma,,,,del 01 al 31 de diciembre de 2025,,,,,./competitors/Guadalajara/folletos\0004 (2).jpg,,16-12-2025,Farmacias Guadalajara,,
,MULTIPLE_PRODUCTOS,Dermatológicos,Avène,,,,del 01 al 31 de diciembre de 2025,,,,,./competitors/Guadalajara/folletos\0004 (2).jpg,,16-12-2025,Farmacias Guadalajara,,
,MULTIPLE_PRODUCTOS,Dermatológicos,Armstrong,,,,del 01 al 31 de diciembre de 2025,,,,,./competitors/Guadalajara/folletos\0004 (2).jpg,,16-12-2025,Farmacias Guadalajara,,
,MULTIPLE_PRODUCTOS,Dermatológicos,Ducray,,,,del 01 al 31 de diciembre de 2025,,,,,./competitors/Guadalajara/folletos\0004 (2).jpg,,16-12-2025,Farmacias Guadalajara,,
,MULTIPLE_PRODUCTOS,Dermatológicos,Farmapiel,,,,del 01 al 31 de diciembre de 2025,,,,,./competitors/Guadalajara/folletos\0004 (2).jpg,,16-12-2025,Farmacias Guadalajara,,
,MULTIPLE_PRODUCTOS,Dermatológicos,Théa,,,,del 01 al 31 de diciembre de 2025,,,,,./competitors/Guadalajara/folletos\0004 (2).jpg,,16-12-2025,Farmacias Guadalajara,,
,MULTIPLE_PRODUCTOS,Dermatológicos,Glenmark,,,,del 01 al 31 de diciembre de 2025,,,,,./competitors/Guadalajara/folletos\0004 (2).jpg,,16-12-2025,Farmacias Guadalajara,,
,MULTIPLE_PRODUCTOS,Dermatológicos,Eucerin,,,,del 01 al 31 de diciembre de 2025,,,,,./competitors/Guadalajara/folletos\0004 (2).jpg,,16-12-2025,Farmacias Guadalajara,,
,MULTIPLE_PRODUCTOS,Dermatológicos,Megalabs,,,,del 01 al 31 de diciembre de 2025,,,,,./competitors/Guadalajara/folletos\0004 (2).jpg,,16-12-2025,Farmacias Guadalajara,,
,MULTIPLE_PRODUCTOS,Dermatológicos,Isdin,,,,del 01 al 31 de diciembre de 2025,,,,,./competitors/Guadalajara/folletos\0004 (2).jpg,,16-12-2025,Farmacias Guadalajara,,
,MULTIPLE_PRODUCTOS,Dermatológicos,Bayer,,,,del 01 al 31 de diciembre de 2025,,,,,./competitors/Guadalajara/folletos\0004 (2).jpg,,16-12-2025,Farmacias Guadalajara,,
,MULTIPLE_PRODUCTOS,Dermatológicos,Babaria,,,,del 01 al 31 de diciembre de 2025,,,,,./competitors/Guadalajara/folletos\0004 (2).jpg,,16-12-2025,Farmacias Guadalajara,,
,MULTIPLE_PRODUCTOS,Dermatológicos,Cantabria Labs,,,,del 01 al 31 de diciembre de 2025,,,,,./competitors/Guadalajara/folletos\0004 (2).jpg,,16-12-2025,Farmacias Guadalajara,,
,MULTIPLE_PRODUCTOS,Dermatológicos,Remexa,,,,del 01 al 31 de diciembre de 2025,,,,,./competitors/Guadalajara/folletos\0004 (2).jpg,,16-12-2025,Farmacias Guadalajara,,
,MULTIPLE_PRODUCTOS,Dermatológicos,Panalab,,,,del 01 al 31 de diciembre de 2025,,,,,./competitors/Guadalajara/folletos\0004 (2).jpg,,16-12-2025,Farmacias Guadalajara,,
,MULTIPLE_PRODUCTOS,Dermatológicos,Kdelle,,,,del 01 al 31 de diciembre de 2025,,,,,./competitors/Guadalajara/folletos\0004 (2).jpg,,16-12-2025,Farmacias Guadalajara,,
,MULTIPLE_PRODUCTOS,Dermatológicos,CeraVe,,,,del 01 al 31 de diciembre de 2025,,,,,./competitors/Guadalajara/folletos\0004 (2).jpg,,16-12-2025,Farmacias Guadalajara,,
,MULTIPLE_PRODUCTOS,Dermatológicos,Sesderma,,,,del 01 al 31 de diciembre de 2025,,,,,./competitors/Guadalajara/folletos\0004 (2).jpg,,16-12-2025,Farmacias Guadalajara,,
1308424,Lavatrastes Axion,Hogar,Axion,1.1,L,2 por $99.00,del 01 al 14 de diciembre del 2025,,49.5,,El precio de oferta es calculado por unidad basado en la promoción.,./competitors/Guadalajara/folletos\0004.jpg,7509546073644,16-12-2025,Farmacias Guadalajara," Lavatrastes Axion Limón Líquido, 1.1 l.",http://www.farmaciasguadalajara.com/departamento/hogar/lavatrastes-axion-limon-liquido-11-l-1308424
,MULTIPLE_PRODUCTOS,Hogar,Elite,,,30% de ahorro,del 01 al 14 de diciembre del 2025,,,,La promoción aplica a toda la línea Elite.,./competitors/Guadalajara/folletos\0004.jpg,,16-12-2025,Farmacias Guadalajara,,
,MULTIPLE_PRODUCTOS,Hogar,ACE,,,25% de ahorro,del 01 al 14 de diciembre del 2025,,,,"La promoción aplica a detergentes ACE, excepto naturals.",./competitors/Guadalajara/folletos\0004.jpg,,16-12-2025,Farmacias Guadalajara,,
,MULTIPLE_PRODUCTOS,Mascotas,Pedigree,,,25% de descuento,del 01 al 14 de diciembre del 2025,,,,La promoción aplica en alimento seco Pedigree de 2kg y 1.85 kg.,./competitors/Guadalajara/folletos\0004.jpg,,16-12-2025,Farmacias Guadalajara,,
803723,Limpiadores Lavabrillo,Hogar,Lavabrillo,1,L,1 L x $12.00,del 01 al 14 de diciembre del 2025,,12.0,,Excepto pino.,./competitors/Guadalajara/folletos\0004.jpg,20803728,16-12-2025,Farmacias Guadalajara," Limpiador LavaBrillo Aroma Primaveral, 1 l.",http://www.farmaciasguadalajara.com/departamento/hogar/limpiador-lavabrillo-aroma-primaveral-1-l-803723
1401548,Desodorantes Ambientales Febreze,Hogar,Febreze,,,2 por $140.00,del 01 al 14 de diciembre del 2025,,70.0,,Excepto packs. El precio de oferta es calculado por unidad basado en la promoción.,./competitors/Guadalajara/folletos\0004.jpg,37000962649,16-12-2025,Farmacias Guadalajara," Aromatizante Febreze Air Mediterranean Lavander en Spray, 250 gr.",http://www.farmaciasguadalajara.com/departamento/hogar/aromatizante-febreze-air-mediterranean-lavander-en-spray-250-gr-1401548
803391,Pañuelos Linnette,Higiene Personal,Linnette,,,20% de ahorro,del 01 al 14 de diciembre del 2025,,,,,./competitors/Guadalajara/folletos\0004.jpg,20803391,16-12-2025,Farmacias Guadalajara," Pañuelos Desechables Linnette Supreme, 80 pzas.",http://www.farmaciasguadalajara.com/departamento/hogar/panuelos-desechables-linnette-supreme-80-pzas-803391
,MULTIPLE_PRODUCTOS,Electrónica,Lime,,,20% de ahorro,del 01 al 14 de diciembre del 2025,,,,"La promoción aplica en cables y cargadores USB, audífonos y memorias.",./competitors/Guadalajara/folletos\0004.jpg,,16-12-2025,Farmacias Guadalajara,,
,Alimento Forty Dog,Mascotas,Forty Dog,100,gr,5 por $39.00,del 01 al 14 de diciembre del 2025,,7.8,,El precio de oferta es calculado por unidad basado en la promoción.,./competitors/Guadalajara/folletos\0004.jpg,,16-12-2025,Farmacias Guadalajara,,
,MULTIPLE_PRODUCTOS,Hogar,"Faciland, Girasol",,,20% de ahorro,del 01 al 14 de diciembre del 2025,,,,Promoción aplica a Línea Faciland o Servilletas Girasol. Excepto 100 pz.,./competitors/Guadalajara/folletos\0004.jpg,,16-12-2025,Farmacias Guadalajara,,
809624,Arena para gato,Mascotas,Forty Cat,3,Kg,3 Kg. x $20.00,del 01 al 14 de diciembre del 2025,,20.0,,,./competitors/Guadalajara/folletos\0004.jpg,,16-12-2025,Farmacias Guadalajara,,
1140698,Lavatrastes Axion Limón o Avena,Hogar,Axion,750,ml,,del 01 al 14 de diciembre del 2025,,44.9,,"El producto se ofrece en 750 ml y 640 ml, se utilizó el primer gramaje.",./competitors/Guadalajara/folletos\0004.jpg,7509546051932,16-12-2025,Farmacias Guadalajara," Lavatrastes Líquido Axion Limón, 750 ml.",http://www.farmaciasguadalajara.com/departamento/hogar/lavatrastes-liquido-axion-limon-750-ml-1140698
1420364,Suavizantes Suavitel Cuidado Superior o Complete,Hogar,Suavitel,740,ml,,del 01 al 14 de diciembre del 2025,,24.9,,"El producto se ofrece en 740 ml y 700 ml, se utilizó el primer gramaje.",./competitors/Guadalajara/folletos\0004.jpg,7509546680293,16-12-2025,Farmacias Guadalajara," Suavizante de Telas Suavitel Cuidado Superior Fresco Aroma de Sol, 740 ml.",http://www.farmaciasguadalajara.com/departamento/hogar/suavizante-de-telas-suavitel-cuidado-superior-fresco-aroma-de-sol-740-ml-1420364
1402480,SUAVIZANTES SUAVITEL CUIDADO DIARIO,Limpieza,Suavitel,700,ml,,01 al 14 de diciembre del 2025,,19.9,,,./competitors/Guadalajara/folletos\0005.jpg,7509546680132,16-12-2025,Farmacias Guadalajara," Suavizante de Telas Suavitel Complete Fresca Primavera, 700 ml.",http://www.farmaciasguadalajara.com/departamento/hogar/suavizante-de-telas-suavitel-complete-fresca-primavera-700-ml-1402480
,MULTIPLE_PRODUCTOS,Mascotas,Forty Dog,,,35% DE AHORRO,01 al 14 de diciembre del 2025,,,,"La descripción aplica a HUESOS DE CARNAZA, DISPENSADOR DE BOLSA Y PASTA FORTY DOG.",./competitors/Guadalajara/folletos\0005.jpg,,16-12-2025,Farmacias Guadalajara,,
1216139,LAVATRASTE SALVO LIMÓN,Limpieza,Salvo,900,ml,30% DE AHORRO,01 al 14 de diciembre del 2025,,,,,./competitors/Guadalajara/folletos\0005.jpg,7506339343595,16-12-2025,Farmacias Guadalajara," Lavatrastes Líquido Salvo Limón, 900 ml.",http://www.farmaciasguadalajara.com/departamento/hogar/lavatrastes-liquido-salvo-limon-900-ml-1216139
846082,LIMPIADORES FABULOSO,Limpieza,Fabuloso,1,L,,01 al 14 de diciembre del 2025,,29.9,,,./competitors/Guadalajara/folletos\0005.jpg,7501035910034,16-12-2025,Farmacias Guadalajara," Limpiador Líquido Fabuloso Frescura Activa Antibacterial Fresca Lavanda, 1 l.",http://www.farmaciasguadalajara.com/departamento/hogar/limpiador-liquido-fabuloso-frescura-activa-antibacterial-fresca-lavanda-1-l-846082
809128,JABONES DE LAVANDERÍA FUERZA MAX,Limpieza,Fuerza Max,200,gr,,01 al 14 de diciembre del 2025,,7.5,,,./competitors/Guadalajara/folletos\0005.jpg,20809126,16-12-2025,Farmacias Guadalajara," Jabón de Lavandería Fuerza Max Blanco Máximo Poder Desengrasante, 200 gr.",http://www.farmaciasguadalajara.com/departamento/hogar/jabon-de-lavanderia-fuerza-max-blanco-maximo-poder-desengrasante-200-gr-809128
,MULTIPLE_PRODUCTOS,Limpieza,Fuerza Max,,,20% DE AHORRO,01 al 14 de diciembre del 2025,,,,La descripción aplica a DETERGENTES FUERZAMAX EN POLVO O LAVATRASTES FUERZA MAX LÍQUIDOS.,./competitors/Guadalajara/folletos\0005.jpg,,16-12-2025,Farmacias Guadalajara,,
,MULTIPLE_PRODUCTOS,Higiene,Linnette,16,pzs,20% DE AHORRO,01 al 14 de diciembre del 2025,,,,La descripción aplica a HIGIÉNICOS LINNETTE. Excepto presentaciones de 280 y 285 hojas.,./competitors/Guadalajara/folletos\0005.jpg,,16-12-2025,Farmacias Guadalajara,,
1244248,Limpiador,Limpieza,Flash,1,L,,01 al 14 de diciembre del 2025,,15.5,,,./competitors/Guadalajara/folletos\0005.jpg,7501025440299,16-12-2025,Farmacias Guadalajara," Limpiador Flash Aroma a Lavanda con Acción Prolongada, 1 l.",http://www.farmaciasguadalajara.com/departamento/hogar/limpiador-flash-aroma-a-lavanda-con-accion-prolongada-1-l-1244248
1159003,Pastillas,Limpieza,Flash,72,g,,01 al 14 de diciembre del 2025,,15.5,,,./competitors/Guadalajara/folletos\0005.jpg,7501025411480,16-12-2025,Farmacias Guadalajara," Pastilla Sanitaria Flash Lavanda, 72 gr.",http://www.farmaciasguadalajara.com/departamento/hogar/pastilla-sanitaria-flash-lavanda-72-gr-1159003
1410318,Jabón Líquido,Limpieza,Pinol,500,ml,,01 al 14 de diciembre del 2025,,15.5,,,./competitors/Guadalajara/folletos\0005.jpg,7501025404857,16-12-2025,Farmacias Guadalajara," Detergente Líquido Pinol Ropa Blanca y de Color, 500 ml.",http://www.farmaciasguadalajara.com/departamento/hogar/detergente-liquido-pinol-ropa-blanca-y-de-color-500-ml-1410318
1430076,Quitamanchas,Limpieza,Cloralex,450,ml,,01 al 14 de diciembre del 2025,,15.5,,,./competitors/Guadalajara/folletos\0005.jpg,7501025410469,16-12-2025,Farmacias Guadalajara," Quitamanchas Cloralex Color, 450 ml.",http://www.farmaciasguadalajara.com/departamento/hogar/quitamanchas-cloralex-color-450-ml-1430076
,Regular,Limpieza,Ensueño,460,ml,,01 al 14 de diciembre del 2025,,15.5,,,./competitors/Guadalajara/folletos\0005.jpg,,16-12-2025,Farmacias Guadalajara,,
237400,"El Rendidor, Aromas",Limpieza,Cloralex,950,mL,,01 al 14 de diciembre del 2025,,18.9,,,./competitors/Guadalajara/folletos\0005.jpg,7501025405311,16-12-2025,Farmacias Guadalajara," Blanqueador Cloralex El Rendidor Elimina Virus y Bacterias, 950 ml.",http://www.farmaciasguadalajara.com/departamento/hogar/blanqueador-cloralex-el-rendidor-elimina-virus-y-bacterias-950-ml-237400
982962,Regular,Limpieza,Ensueño,1,L,,01 al 14 de diciembre del 2025,,18.9,,,./competitors/Guadalajara/folletos\0005.jpg,7501025413002,16-12-2025,Farmacias Guadalajara," Suavizante para Telas Ensueño Max Frescura Primaveral, 850 ml.",http://www.farmaciasguadalajara.com/departamento/hogar/suavizante-para-telas-ensueno-max-frescura-primaveral-850-ml-982962
992941,"Max Naturaza, Bebé",Limpieza,Ensueño,850,mL,,01 al 14 de diciembre del 2025,,22.9,,,./competitors/Guadalajara/folletos\0005.jpg,7501025414153,16-12-2025,Farmacias Guadalajara," Suavizante para Telas Ensueño Bebé con Aloe Vera, 850 ml.",http://www.farmaciasguadalajara.com/departamento/hogar/suavizante-para-telas-ensueno-bebe-con-aloe-vera-850-ml-992941
1382934,Aromas,Limpieza,Pinol,828,mL,,01 al 14 de diciembre del 2025,,22.9,,,./competitors/Guadalajara/folletos\0005.jpg,7501025450106,16-12-2025,Farmacias Guadalajara," Limpiador Pinol Aromas Fragancias Finas Dulce Amanecer, 828 ml.",http://www.farmaciasguadalajara.com/departamento/hogar/limpiador-pinol-aromas-fragancias-finas-dulce-amanecer-828-ml-1382934
1387839,Piel Sensible,Limpieza,Ensueño,740,mL,,01 al 14 de diciembre del 2025,,22.9,,,./competitors/Guadalajara/folletos\0005.jpg,7501025440183,16-12-2025,Farmacias Guadalajara," Suavizantes para Telas Ensueño Ultra, 740 ml.",http://www.farmaciasguadalajara.com/departamento/hogar/suavizantes-para-telas-ensueno-ultra-740-ml-1387839
1437089,Baños,Limpieza,Cloralex,250,mL,,01 al 14 de diciembre del 2025,,22.9,,,./competitors/Guadalajara/folletos\0005.jpg,7501025401726,16-12-2025,Farmacias Guadalajara," Limpiador Desinfectante Cloralex Baños Antihongos, 250 ml.",http://www.farmaciasguadalajara.com/departamento/hogar/limpiador-desinfectante-cloralex-banos-antihongos-250-ml-1437089
237434,El Original,Limpieza,Pinol,1,L,,01 al 14 de diciembre del 2025,,27.9,,,./competitors/Guadalajara/folletos\0005.jpg,7501025403034,16-12-2025,Farmacias Guadalajara," Limpiador Pinol El Original con Aceite de Pino, 1 l.",http://www.farmaciasguadalajara.com/departamento/hogar/limpiador-pinol-el-original-con-aceite-de-pino-1-l-237434
1444557,Nube de Algodón,Limpieza,Flash,1.8,L,,01 al 14 de diciembre del 2025,,27.9,,,./competitors/Guadalajara/folletos\0005.jpg,7501025416140,16-12-2025,Farmacias Guadalajara," Limpiador Flash Aroma a Nube de Algodón, 1.8 l.",http://www.farmaciasguadalajara.com/departamento/hogar/limpiador-flash-aroma-a-nube-de-algodon-18-l-1444557
1430017,Floral,Limpieza,Flash,3.7,L,,01 al 14 de diciembre del 2025,,55.0,,,./competitors/Guadalajara/folletos\0005.jpg,7501025431884,16-12-2025,Farmacias Guadalajara," Limpiador Flash Aroma Floral Intenso y Duradero, 3.785 L.",http://www.farmaciasguadalajara.com/departamento/hogar/limpiador-flash-aroma-floral-intenso-y-duradero-3785-l-1430017
1126717,Baños,Limpieza,Cloralex,650,mL,,01 al 14 de diciembre del 2025,,55.0,,,./competitors/Guadalajara/folletos\0005.jpg,7501025402402,16-12-2025,Farmacias Guadalajara," Limpiador Líquido Cloralex Baños Antihongos, 650 ml.",http://www.farmaciasguadalajara.com/departamento/hogar/limpiador-liquido-cloralex-banos-antihongos-650-ml-1126717
1299050,Gel,Limpieza,Cloralex,3.75,L,,01 al 14 de diciembre del 2025,,55.0,,,./competitors/Guadalajara/folletos\0005.jpg,75000639,16-12-2025,Farmacias Guadalajara," Blanqueador Cloralex El Rendidor Elimina Virus y Bacterias, 3.75 l.",http://www.farmaciasguadalajara.com/departamento/hogar/blanqueador-cloralex-el-rendidor-elimina-virus-y-bacterias-375-l-1299050
1235710,Cocina,Limpieza,Pinol,650,mL,,01 al 14 de diciembre del 2025,,55.0,,,./competitors/Guadalajara/folletos\0005.jpg,7501025403607,16-12-2025,Farmacias Guadalajara," Limpiador Desengrasante Pinol Cocina de Naranja y Eucalipto, 650 ml.",http://www.farmaciasguadalajara.com/departamento/hogar/limpiador-desengrasante-pinol-cocina-de-naranja-y-eucalipto-650-ml-1235710
1430548,Max y Naturaza,Limpieza,Ensueño,2.8,L,,01 al 14 de diciembre del 2025,,60.0,,,./competitors/Guadalajara/folletos\0005.jpg,7501025444938,16-12-2025,Farmacias Guadalajara," Suavizante de Telas Ensueño Naturaleza Argan Mandarina, 2.8 l.",http://www.farmaciasguadalajara.com/departamento/hogar/suavizante-de-telas-ensueno-naturaleza-argan-mandarina-28-l-1430548
1449591,Max,Limpieza,Ensueño,5.1,L,,01 al 14 de diciembre del 2025,,135.0,,,./competitors/Guadalajara/folletos\0005.jpg,7501025415938,16-12-2025,Farmacias Guadalajara," Suavizante para Telas Ensueño Max Frescura Primaveral, 5.1 l.",http://www.farmaciasguadalajara.com/departamento/hogar/suavizante-para-telas-ensueno-max-frescura-primaveral-51-l-1449591
1394444,PAÑALES KLEENBEBÉ COMODISEC,Bebés,Kleenbebé,,pzas,,del 01 al 14 de diciembre del 2025,,149.0,,"El precio aplica a diferentes presentaciones (J5 46 pzas, J5 40 pañales, XJ6 40 pañales). Un paquete tiene la promoción 'PAGA 40 Y LLÉVATE 6 GRATIS'.",./competitors/Guadalajara/folletos\0006.jpg,7506425649747,16-12-2025,Farmacias Guadalajara," Pañales para Bebé KleenBebé Comodisec Etapa 6 XJ, 46 pzas.",http://www.farmaciasguadalajara.com/bebes/bebe-panales/panales-para-bebe-kleenbebe-comodisec-etapa-6-xj-46-pzas-1394444
,MULTIPLE_PRODUCTOS,Bebés,"Huggies, Kleenbebé, Suavelastic, Kimbies",,,20% DE AHORRO,del 01 al 14 de diciembre del 2025,,,,La promoción aplica a Toallitas de las marcas mencionadas.,./competitors/Guadalajara/folletos\0006.jpg,,16-12-2025,Farmacias Guadalajara,,
1223780,HIGIÉNICO PÉTALO RENDIMAX 320 hojas 12 pzs. ó 300 hojas 12+4 pzs.,Higiene Personal,Pétalo,320.0,hojas,,del 01 al 14 de diciembre del 2025,,99.0,,El precio aplica a dos presentaciones: 320 hojas 12 pzs o 300 hojas 12+4 pzs.,./competitors/Guadalajara/folletos\0006.jpg,7501943458451,16-12-2025,Farmacias Guadalajara," Papel Higiénico Pétalo RendiMax, 12 pzas con 320 Hojas Dobles.",http://www.farmaciasguadalajara.com/departamento/hogar/papel-higienico-petalo-rendimax-12-pzas-con-320-hojas-dobles-1223780
,MULTIPLE_PRODUCTOS,Cuidado del Adulto,Depend,,,,del 01 al 14 de diciembre del 2025,,149.0,,El precio aplica a la línea de productos Depend.,./competitors/Guadalajara/folletos\0006.jpg,,16-12-2025,Farmacias Guadalajara,,
,MULTIPLE_PRODUCTOS,Higiene Femenina,Kotex,,,30% DE AHORRO,del 01 al 14 de diciembre del 2025,,,,La promoción aplica a la línea de productos Kotex.,./competitors/Guadalajara/folletos\0006.jpg,,16-12-2025,Farmacias Guadalajara,,
1223780,"HIGIÉNICO PÉTALO MAXI PLUS 250 hojas, 12 pzs.",Higiene Personal,Pétalo,250.0,hojas,,del 01 al 14 de diciembre del 2025,,65.0,,El paquete contiene 12 piezas.,./competitors/Guadalajara/folletos\0006.jpg,7501943458451,16-12-2025,Farmacias Guadalajara," Papel Higiénico Pétalo RendiMax, 12 pzas con 320 Hojas Dobles.",http://www.farmaciasguadalajara.com/departamento/hogar/papel-higienico-petalo-rendimax-12-pzas-con-320-hojas-dobles-1223780
,MULTIPLE_PRODUCTOS,Higiene Personal,"Kleenex, Escudo",,,20% DE AHORRO,del 01 al 14 de diciembre del 2025,,,,La promoción aplica a jabones de las marcas mencionadas.,./competitors/Guadalajara/folletos\0006.jpg,,16-12-2025,Farmacias Guadalajara,,
,MULTIPLE_PRODUCTOS,Bebés,Evenflo,,,30% DE AHORRO,del 01 al 14 de diciembre del 2025,,,,La promoción aplica a la línea de productos Evenflo.,./competitors/Guadalajara/folletos\0006.jpg,,16-12-2025,Farmacias Guadalajara,,
,MULTIPLE_PRODUCTOS,Higiene Personal,Kleenex,,,20% DE AHORRO,del 01 al 14 de diciembre del 2025,,,,La promoción aplica a pañuelos desechables de la marca Kleenex.,./competitors/Guadalajara/folletos\0006.jpg,,16-12-2025,Farmacias Guadalajara,,
,MULTIPLE_PRODUCTOS,Bebés,"Huggies, Kleenbebé",,,30% DE AHORRO,del 01 al 14 de diciembre del 2025,,,,"La promoción aplica a Shampoos, Cremas y Jabones de las marcas Huggies y Kleenbebé.",./competitors/Guadalajara/folletos\0006.jpg,,16-12-2025,Farmacias Guadalajara,,
1267019,Nido Kinder Deslactosada,Bebés,Nido,1.5,kg,,01 al 14 de diciembre del 2025,,275.0,,,./competitors/Guadalajara/folletos\0007.jpg,7501058626110,16-12-2025,Farmacias Guadalajara," Alimento para Niños Nido Kinder Deslactosado, 1.5 kg.",http://www.farmaciasguadalajara.com/bebes/formulas-infantiles-es/alimento-para-ninos-nido-kinder-deslactosado15-kg-1267019
1386034,Nidal Infantil Etapa 1,Bebés,Nidal,1.5,kg,,01 al 14 de diciembre del 2025,,205.0,,,./competitors/Guadalajara/folletos\0007.jpg,7506475105538,16-12-2025,Farmacias Guadalajara," Fórmula Infantil Nidal ( A Partir de 1 año), 1.5 kg.",http://www.farmaciasguadalajara.com/bebes/formulas-infantiles-es/formula-infantil-nidal-a-partir-de-1-ano-15-kg-1386034
1219952,Nido Kinder 1+,Bebés,Nido,1.6,kg,,01 al 14 de diciembre del 2025,,280.0,,,./competitors/Guadalajara/folletos\0007.jpg,7501058611963,16-12-2025,Farmacias Guadalajara," Pack Nido Kinder 1+ Precio Especial de 1.6 kg + 360 gr, 2 pzas.",http://www.farmaciasguadalajara.com/bebes/formulas-infantiles-es/pack-nido-kinder-1-precio-especial-de-16-kg-360-gr-2-pzas-1219952
1423657,Nan 3 Optimal Pro,Bebés,Nan,1.6,kg,,01 al 14 de diciembre del 2025,,397.0,,,./competitors/Guadalajara/folletos\0007.jpg,7506475120395,16-12-2025,Farmacias Guadalajara," Fórmula Infantil Nan 3 Optimal Pro a Partir de un Año, 1.6 kg.",http://www.farmaciasguadalajara.com/bebes/formulas-infantiles-es/formula-infantil-nan-3-optimal-pro-a-partir-de-un-ano-16-kg-1423657
1360620,Nido Forticrece,Bebés,Nido,2.04,kg,,01 al 14 de diciembre del 2025,,299.0,,,./competitors/Guadalajara/folletos\0007.jpg,7501058656179,16-12-2025,Farmacias Guadalajara," Alimento en Polvo Nestlé Nido FortiCrece edad Escolar, 2.04 Kg.",http://www.farmaciasguadalajara.com/bebes/formulas-infantiles-es/alimento-en-polvo-nestle-nido-forticrece-edad-escolar-204-kg-1360620
,MULTIPLE_PRODUCTOS,Bebés,Boost,,,2 x $95,01 al 14 de diciembre del 2025,,,,La promoción aplica a 'Toda la variedad de Boost',./competitors/Guadalajara/folletos\0007.jpg,,16-12-2025,Farmacias Guadalajara,,
,MULTIPLE_PRODUCTOS,Abarrotes,La Lechera,209,g,2 x $30,01 al 14 de diciembre del 2025,,,,La promoción aplica a La Lechera y La Lechera Dulce de Leche.,./competitors/Guadalajara/folletos\0007.jpg,,16-12-2025,Farmacias Guadalajara,,
1176951,Agua Natural Gerber,Bebés,Gerber,4,L,2 x $69,01 al 14 de diciembre del 2025,,,,,./competitors/Guadalajara/folletos\0007.jpg,7501000984770,16-12-2025,Farmacias Guadalajara," Agua Purificada Gerber, 4 l.",http://www.farmaciasguadalajara.com/departamento/bebidas-es/agua-purificada-gerber-4-l-1176951
,MULTIPLE_PRODUCTOS,Abarrotes,Nestlé,,,3x2,01 al 14 de diciembre del 2025,,,,"La promoción aplica a Chocolates Carlos V, Crunch o Freskas.",./competitors/Guadalajara/folletos\0007.jpg,,16-12-2025,Farmacias Guadalajara,,
,MULTIPLE_PRODUCTOS,Abarrotes,Nature's Heart,,,3x2,01 al 14 de diciembre del 2025,,,,La promoción aplica a 'Toda la variedad Nature's Heart',./competitors/Guadalajara/folletos\0007.jpg,,16-12-2025,Farmacias Guadalajara,,
1302515,Nescafé Xiapan Reserva Mex,Abarrotes,Nescafé,180,g,,01 al 14 de diciembre del 2025,,,,No se especifica precio o promoción para este producto.,./competitors/Guadalajara/folletos\0007.jpg,7501058624130,16-12-2025,Farmacias Guadalajara," Café Soluble Nescafé Reserva Xiapan, 180 gr.",http://www.farmaciasguadalajara.com/departamento/alimentos/Cafe-Soluble-Nescafe-Reserva-Xiapan-180-gr-1302515
1302523,Nescafé Verarica Reserva Mex,Abarrotes,Nescafé,180,g,,01 al 14 de diciembre del 2025,,,,No se especifica precio o promoción para este producto.,./competitors/Guadalajara/folletos\0007.jpg,7501058624147,16-12-2025,Farmacias Guadalajara," Café Soluble Nescafé Reserva Verarica, 180 gr.",http://www.farmaciasguadalajara.com/departamento/alimentos/cafe-soluble-nescafe-reserva-verarica-180-gr-1302523
1383485,PAÑALES BABY CONFI MAX,Bebés,Baby Confi,40,pzs.,30% DE AHORRO,01 al 14 de diciembre del 2025,,,,,./competitors/Guadalajara/folletos\0008.jpg,20806279,16-12-2025,Farmacias Guadalajara," Pañales para bebé Baby Confi Max Unisex Talla XX Grande, 40 pzas.",http://www.farmaciasguadalajara.com/bebes/bebe-panales/panales-para-bebe-baby-confi-max-unisex-talla-xx-grande-40-pzas-1383485
,MULTIPLE_PRODUCTOS,Bebés,Chicolastic / Kiddies,40,pzs.,,01 al 14 de diciembre del 2025,,149.0,,Aplica para Pañales Chicolastic o Kiddies.,./competitors/Guadalajara/folletos\0008.jpg,,16-12-2025,Farmacias Guadalajara,,
805939,PAPILLAS NATU KIDS,Bebés,Natu Kids,113,gr.,,01 al 14 de diciembre del 2025,,10.9,,,./competitors/Guadalajara/folletos\0008.jpg,20805937,16-12-2025,Farmacias Guadalajara," Papilla Natu Kids de Manzana (A Partir de los 6 Meses), 113 gr.",http://www.farmaciasguadalajara.com/bebes/alimentos-para-bebe/papilla-natu-kids-de-manzana-a-partir-de-los-6-meses-113-gr-805939
1193929,TOALLITAS CHICOLASTIC,Bebés,Chicolastic,,pzs.,25% DE AHORRO,01 al 14 de diciembre del 2025,,,,Promoción aplica para presentación de 80 ó 120 pzs.,./competitors/Guadalajara/folletos\0008.jpg,13117029253,16-12-2025,Farmacias Guadalajara," Chicolastic Toallitas Húmedas, 120 pzas.",http://www.farmaciasguadalajara.com/bebes/cuidado-del-bebe/chicolastic-toallitas-humedas-120-pzas-1193929
,MULTIPLE_PRODUCTOS,Bebés,Smudy's,,,20% DE AHORRO,01 al 14 de diciembre del 2025,,,,Aplica para Cremas o Vaselinas Smudy's.,./competitors/Guadalajara/folletos\0008.jpg,,16-12-2025,Farmacias Guadalajara,,
,MULTIPLE_PRODUCTOS,Bebés,Smudy's,,,30% DE AHORRO,01 al 14 de diciembre del 2025,,,,Aplica para Biberones y Mamilas Smudy's.,./competitors/Guadalajara/folletos\0008.jpg,,16-12-2025,Farmacias Guadalajara,,
,MULTIPLE_PRODUCTOS,Bebés,bbtips,40,pzs.,,01 al 14 de diciembre del 2025,,219.0,,"Aplica para Pañales BBtips Sensitive Talla 4, 5 y 6 ó Bbtips Baby-Up Talla 8.",./competitors/Guadalajara/folletos\0008.jpg,,16-12-2025,Farmacias Guadalajara,,
804126,SHAMPOO SMUDY'S,Bebés,Smudy's,700,ml.,,01 al 14 de diciembre del 2025,,41.0,,,./competitors/Guadalajara/folletos\0008.jpg,20804121,16-12-2025,Farmacias Guadalajara," Shampoo para Bebé Smudy´s Lavanda, 250 ml.",http://www.farmaciasguadalajara.com/bebes/cuidado-del-bebe/shampoo-para-bebe-smudys-lavanda-250-ml-804126
805602,NATU KIDS 1-3 AÑOS,Bebés,Natu Kids,800,gr.,,01 al 14 de diciembre del 2025,,115.0,,,./competitors/Guadalajara/folletos\0008.jpg,20805609,16-12-2025,Farmacias Guadalajara," Fórmula Infantil Natu Kids en Polvo (Edad 1-3 Años), 800 gr.",http://www.farmaciasguadalajara.com/bebes/formulas-infantiles-es/formula-infantil-natu-kids-en-polvo-edad-1-3-anos-800-gr-805602
1304925,PAÑALES BBTIPS SENSITIVE TALLA 7,Bebés,bbtips,40,pzs.,,01 al 14 de diciembre del 2025,,250.0,,,./competitors/Guadalajara/folletos\0008.jpg,13117022858,16-12-2025,Farmacias Guadalajara," Pañal Bbtips Sensitive Talla 7 XXL Grande, 40 Pañales.",http://www.farmaciasguadalajara.com/bebes/bebe-panales/panal-bbtips-sensitive-talla-7-xxl-grande-40-panales-1304925
1364308,PAÑALES BBTIPS SENSITIVE TALLA 1,Bebés,bbtips,40,pzs.,,01 al 14 de diciembre del 2025,,135.0,,,./competitors/Guadalajara/folletos\0008.jpg,13117019926,16-12-2025,Farmacias Guadalajara," Pañal Bbtips Sensitive Talla 1 Pequeño, 40 Pañales.",http://www.farmaciasguadalajara.com/bebes/bebe-panales/panal-bbtips-sensitive-talla-1-pequeno-40-panales-1364308
1296299,Acondicionador y Shampoo,Cuidado Personal,Caprice,690,ml,,del 01 al 14 de diciembre del 2025,,45.9,,,./competitors/Guadalajara/folletos\0009.jpg,7509546072401,16-12-2025,Farmacias Guadalajara," Shampoo Caprice Especialidades Fuerza Acti-Ceramidas, 750 ml.",http://www.farmaciasguadalajara.com/departamento/higiene-y-belleza/shampoo-caprice-especialidades-fuerza-acti-ceramidas-750-ml-1296299
807117,Sanitizante,Cuidado Personal,Curapack,120,ml,Lleva 2 por $38.00,del 01 al 14 de diciembre del 2025,,19.0,,El precio de oferta es por unidad al llevar 2.,./competitors/Guadalajara/folletos\0009.jpg,20807115,16-12-2025,Farmacias Guadalajara," Curapack Spray Sanitizante, 120 ml.",http://www.farmaciasguadalajara.com/departamento/higiene-y-belleza/curapack-spray-sanitizante-120-ml-807117
,MULTIPLE_PRODUCTOS,Cuidado Personal,Affective,,,35% de ahorro,del 01 al 14 de diciembre del 2025,,,,"Aplica para la línea Affective, excepto predoblado y toallas.",./competitors/Guadalajara/folletos\0009.jpg,,16-12-2025,Farmacias Guadalajara,,
,MULTIPLE_PRODUCTOS,Cuidado Personal,Colgate,,,40% de ahorro,del 01 al 14 de diciembre del 2025,,,,"Aplica para pastas Colgate Total 100 ó 150 ml, Luminous White 2 pack 75, 100 ó 125 ml, y Sensitive 74 y 75 ml.",./competitors/Guadalajara/folletos\0009.jpg,,16-12-2025,Farmacias Guadalajara,,
,MULTIPLE_PRODUCTOS,Cuidado Personal,MULTIPLE_MARCAS,,,Lleva 2 por $105.00,del 01 al 14 de diciembre del 2025,,52.5,,"El precio de oferta es por unidad al llevar 2. Marcas: Speed Stick, Lady Speed Stick, Stefano o Neutro Balance. Aplica en aerosol o barra, excepto minis y megalata.",./competitors/Guadalajara/folletos\0009.jpg,,16-12-2025,Farmacias Guadalajara,,
1301144,Tintes,Cuidado Personal,Palette,,,Lleva 2 por $90.00,del 01 al 14 de diciembre del 2025,,45.0,,El precio de oferta es por unidad al llevar 2.,./competitors/Guadalajara/folletos\0009.jpg,7702045554083,16-12-2025,Farmacias Guadalajara," Tinte Palette Intensive Color Creme Chocolate Deluxe (6-60), 1 pz.",http://www.farmaciasguadalajara.com/departamento/higiene-y-belleza/tinte-palette-color-creme-chocolate-oro-6-60-5-pzas-1301144
1406108,Desodorantes Clínicos,Cuidado Personal,MULTIPLE_MARCAS,,,Lleva 2 por $140.00,del 01 al 14 de diciembre del 2025,,70.0,,El precio de oferta es por unidad al llevar 2. Marcas: Gillette o Secret.,./competitors/Guadalajara/folletos\0009.jpg,75076825,16-12-2025,Farmacias Guadalajara," Antitranspirante Men Rexona Clinical Crema Clean 96h, 58 gr.",http://www.farmaciasguadalajara.com/departamento/higiene-y-belleza/antitranspirante-men-rexona-clinical-crema-clean-96h-58-gr-1406108
1251350,Shampoo,Cuidado Personal,Head & Shoulders,,,30% de ahorro,del 01 al 14 de diciembre del 2025,,,,Aplica para presentaciones de 180 y 650 ml. Excepto packs.,./competitors/Guadalajara/folletos\0009.jpg,7500435020008,16-12-2025,Farmacias Guadalajara," Shampoo Head & Shoulders Limpieza Renovadora, 375 ml.",http://www.farmaciasguadalajara.com/departamento/higiene-y-belleza/shampoo-head-shoulders-limpieza-renovadora-375-ml-1251350
,MULTIPLE_PRODUCTOS,Cuidado Personal,Sensaval,,,20% de ahorro,del 01 al 14 de diciembre del 2025,,,,Aplica para Shampoo 350 ó 700 ml o Cremas para peinar 300 ml.,./competitors/Guadalajara/folletos\0009.jpg,,16-12-2025,Farmacias Guadalajara,,
1136992,Crema Hidratante,Cuidado Personal,Cetaphil,453,gr,50% de Ahorro,del 01 al 14 de diciembre del 2025,,,,No se especifica precio. Se indica 50% de ahorro y 'Producto del mes'.,./competitors/Guadalajara/folletos\0009.jpg,7897930762053,16-12-2025,Farmacias Guadalajara," Cetaphil Crema Hidratante, 453 gr.",http://www.farmaciasguadalajara.com/salud-es/dermatologia/cetaphil-crema-hidratante-453-gr-1136992
808148,Bloqueadores FP50 +Serum,Cuidado Personal,KDELLE,,,Oferta armada,del 01 al 14 de diciembre del 2025,,115.0,,,./competitors/Guadalajara/folletos\0009.jpg,20808143,16-12-2025,Farmacias Guadalajara," Kit Solar Kdelle FPS 50+ Protector Solar Facial en Crema-Gel + Gratis Serum Alta Humectación, 2 pzas.",http://www.farmaciasguadalajara.com/salud-es/dermatologia/kit-solar-kdelle-fps-50-protector-solar-facial-en-crema-gel-gratis-serum-alta-humectacion-2-pzas-808148
,MULTIPLE_PRODUCTOS,Cuidado Personal,MULTIPLE_MARCAS,,,35% de ahorro,del 01 al 14 de diciembre del 2025,,,,"Aplica a líneas Elvive, Fructis, Fructis Hair Food, Desodorantes Obao y Tintes Nutrisse, Preference o Imedia Excellence.",./competitors/Guadalajara/folletos\0009.jpg,,16-12-2025,Farmacias Guadalajara,,
1348582,Pastas Colgate Total,Cuidado Personal,Colgate,75,ml,,del 01 al 14 de diciembre del 2025,,37.9,,El precio de oferta aplica a este y otros dos productos Colgate seleccionados.,./competitors/Guadalajara/folletos\0010.jpg,7509546653532,16-12-2025,Farmacias Guadalajara," Pasta Dental Colgate Total 12 Anti Sarro, 75 ml.",http://www.farmaciasguadalajara.com/departamento/higiene-y-belleza/pasta-dental-colgate-total-12-anti-sarro-75-ml-1348582
1387030,Pastas Colgate Luminous White,Cuidado Personal,Colgate,66,ml,,del 01 al 14 de diciembre del 2025,,37.9,,El precio de oferta aplica a este y otros dos productos Colgate seleccionados.,./competitors/Guadalajara/folletos\0010.jpg,7509546681511,16-12-2025,Farmacias Guadalajara," Pasta Dental Colgate Luminous White Instant, 66 ml.",http://www.farmaciasguadalajara.com/departamento/higiene-y-belleza/pasta-dental-colgate-luminous-white-instant-66-ml-1387030
1395068,Pastas Colgate Triple Acción,Cuidado Personal,Colgate,140,ml,,del 01 al 14 de diciembre del 2025,,37.9,,El precio de oferta aplica a este y otros dos productos Colgate seleccionados.,./competitors/Guadalajara/folletos\0010.jpg,7509546684505,16-12-2025,Farmacias Guadalajara," Pasta Dental Colgate Triple Acción Menta Original, 140 ml.",http://www.farmaciasguadalajara.com/departamento/higiene-y-belleza/pasta-dental-colgate-triple-accion-menta-original-140-ml-1395068
1255312,Shampoo o Acondicionador Pantene,Cuidado Personal,Pantene,,ml,20% de ahorro,del 01 al 14 de diciembre del 2025,,,,"Aplica en presentaciones de 200, 250, 700 y 750 ml. Excepto packs.",./competitors/Guadalajara/folletos\0010.jpg,7500435114271,16-12-2025,Farmacias Guadalajara," Pack Pantene Pro-V Restauración con Shampoo 400 ml + Acondicionador 200 ml, 2 pzas.",http://www.farmaciasguadalajara.com/departamento/higiene-y-belleza/pack-pantene-pro-v-restauracion-con-shampoo-400-ml-acondicionador-200-ml-2-pzas-1255312
,MULTIPLE_PRODUCTOS,Cuidado Personal,"Neutrogena, Lubriderm",,,35% de ahorro,del 01 al 14 de diciembre del 2025,,,,Aplica a toda la línea Neutrogena y Lubriderm.,./competitors/Guadalajara/folletos\0010.jpg,,16-12-2025,Farmacias Guadalajara,,
1283197,Jabones de tocador Palmira,Cuidado Personal,Palmira,,,20% de ahorro,del 01 al 14 de diciembre del 2025,,,,,./competitors/Guadalajara/folletos\0010.jpg,20801779,16-12-2025,Farmacias Guadalajara," Jabón de Tocador Palmira Men Aqua Active, 150 gr.",http://www.farmaciasguadalajara.com/departamento/higiene-y-belleza/jabon-de-tocador-palmira-men-aqua-active-150-gr-1283197
1019783,Shampoo Optims,Cuidado Personal,Palmolive,,ml,,del 01 al 14 de diciembre del 2025,,60.0,,Aplica en presentaciones de 680 y 700 ml.,./competitors/Guadalajara/folletos\0010.jpg,7509546017389,16-12-2025,Farmacias Guadalajara," Shampoo Palmolive Optims 2 en 1 Nivel 4 Extra Intensivo, 700 ml.",http://www.farmaciasguadalajara.com/departamento/higiene-y-belleza/shampoo-palmolive-optims-2-en-1-nivel-4-extra-intensivo-700-ml-1019783
800333,Rastrillos Raser,Cuidado Personal,Raser,,,20% de ahorro,del 01 al 14 de diciembre del 2025,,,,"Excepto surface, lady travel o plus.",./competitors/Guadalajara/folletos\0010.jpg,20800338,16-12-2025,Farmacias Guadalajara," Rastrillos Raser Desechables con Cabeza Móvil, 2 pzas.",http://www.farmaciasguadalajara.com/departamento/higiene-y-belleza/rastrillos-raser-desechables-con-cabeza-movil-2-pzas-800333
,MULTIPLE_PRODUCTOS,Cuidado Personal,"Palmolive, Gard, Colgate",,,35% de ahorro,del 01 al 14 de diciembre del 2025,,,,"Aplica a Cremas para peinar Palmolive 250 ml, Jabones Palmolive 120 gr 4 pack, Línea Gard o Cepillos Colgate. Excepto triple acción 1 pza.",./competitors/Guadalajara/folletos\0010.jpg,,16-12-2025,Farmacias Guadalajara,,
905496,Desodorantes Old Spice,Cuidado Personal,Old Spice,,,25% de ahorro,del 01 al 14 de diciembre del 2025,,,,"Aplica en barra 50 gr, aerosol 150 ml o gel. Excepto packs.",./competitors/Guadalajara/folletos\0010.jpg,7501001163983,16-12-2025,Farmacias Guadalajara," Barra Desodorante Old Spice Fresh, 50 gr.",http://www.farmaciasguadalajara.com/departamento/higiene-y-belleza/barra-desodorante-old-spice-fresh-50-gr-905496
801283,Toallitas Húmedas Selena,Cuidado Personal,Selena,25,pzs,30% de ahorro,del 01 al 14 de diciembre del 2025,,,,,./competitors/Guadalajara/folletos\0010.jpg,20801281,16-12-2025,Farmacias Guadalajara," Toallitas Húmedas Selena Fresh Intime, 25 pzas.",http://www.farmaciasguadalajara.com/departamento/higiene-y-belleza/toallitas-humedas-selena-fresh-intime-25-pzas-801283
805912,Shampoo Íntimo Selena,Cuidado Personal,Selena,250,ml,30% de ahorro,del 01 al 14 de diciembre del 2025,,,,,./competitors/Guadalajara/folletos\0010.jpg,20805913,16-12-2025,Farmacias Guadalajara," Shampoo Íntimo Selena Fresh Intime Aroma Lavanda, 250 ml.",http://www.farmaciasguadalajara.com/departamento/higiene-y-belleza/shampoo-intimo-selena-fresh-intime-aroma-lavanda-250-ml-805912
,MULTIPLE_PRODUCTOS,Cuidado Personal,"Garnier, L'Oréal",,,30% de ahorro,del 01 al 14 de diciembre del 2025,,,,Aplica a Cremas Faciales.,./competitors/Guadalajara/folletos\0010.jpg,,16-12-2025,Farmacias Guadalajara,,
,MULTIPLE_PRODUCTOS,Cuidado Personal,"Gillette, Venus",,,30% de ahorro,del 01 al 14 de diciembre del 2025,,,,"Aplica a Espumas, Máquinas o Cartuchos. Excepto simply o packs.",./competitors/Guadalajara/folletos\0010.jpg,,16-12-2025,Farmacias Guadalajara,,
,MULTIPLE_PRODUCTOS,Cuidado Personal,Oral-B,,,30% de ahorro,del 01 al 14 de diciembre del 2025,,,,Aplica a Cepillos Oral-B Pro y Pastas Oral-B. Excepto detox y packs.,./competitors/Guadalajara/folletos\0010.jpg,,16-12-2025,Farmacias Guadalajara,,
,MULTIPLE_PRODUCTOS,Cuidado Personal,MULTIPLE_PRODUCTOS,,,,01 al 14 de diciembre del 2025,,95.0,,"La descripción aplica a Desodorantes Rexona, Axe o Dove All Body",./competitors/Guadalajara/folletos\0011.jpg,,16-12-2025,Farmacias Guadalajara,,
991341,Acondicionador y Shampoo Sedal,Cuidado Personal,Sedal,620,ml,,01 al 14 de diciembre del 2025,,71.0,,Excepto 845 ml.,./competitors/Guadalajara/folletos\0011.jpg,7702006910576,16-12-2025,Farmacias Guadalajara," Shampoo Sedal Ceramidas, 620 ml.",http://www.farmaciasguadalajara.com/departamento/higiene-y-belleza/shampoo-sedal-ceramidas-620-ml-991341
1009800,Cremas para peinar Sedal,Cuidado Personal,Sedal,300,ml,,01 al 14 de diciembre del 2025,,58.0,,,./competitors/Guadalajara/folletos\0011.jpg,7501056340131,16-12-2025,Farmacias Guadalajara," Crema para Peinar Sedal Rizos Definidos, 300 ml.",http://www.farmaciasguadalajara.com/departamento/higiene-y-belleza/crema-para-peinar-sedal-rizos-definidos-300-ml-1009800
1375130,Shampoo o Acondicionador Tresemmé,Cuidado Personal,Tresemmé,715,ml,,01 al 14 de diciembre del 2025,,93.0,,,./competitors/Guadalajara/folletos\0011.jpg,7506306224919,16-12-2025,Farmacias Guadalajara," Shampoo Tresemmé Control Caída, 715 ml.",http://www.farmaciasguadalajara.com/departamento/higiene-y-belleza/shampoo-tresemme-control-caida-715-ml-1375130
1450107,Shampoo o Acondicionador Dove Derma Care,Cuidado Personal,Dove,400,ml,,01 al 14 de diciembre del 2025,,87.0,,,./competitors/Guadalajara/folletos\0011.jpg,7506306256033,16-12-2025,Farmacias Guadalajara," Acondicionador Dove Derma Care Fuerza Anti-Caída, 400 ml.",http://www.farmaciasguadalajara.com/departamento/higiene-y-belleza/acondicionador-dove-derma-care-fuerza-anti-caida-400-ml-1450107
558923,Jabones Dove,Cuidado Personal,Dove,135,gr,,01 al 14 de diciembre del 2025,,39.9,,,./competitors/Guadalajara/folletos\0011.jpg,67238891190,16-12-2025,Farmacias Guadalajara," Jabón de Tocador Dove Original con Crema, 135 gr.",http://www.farmaciasguadalajara.com/departamento/higiene-y-belleza/jabon-de-tocador-dove-original-con-crema-135-gr-558923
,MULTIPLE_PRODUCTOS,Cuidado Personal,G-U-M,,,30% de ahorro,01 al 14 de diciembre del 2025,,,,Aplica a la línea G-U-M Orthodontic,./competitors/Guadalajara/folletos\0011.jpg,,16-12-2025,Farmacias Guadalajara,,
1387570,Jabones Dove 2 pack,Cuidado Personal,Dove,90,gr,,01 al 14 de diciembre del 2025,,53.0,,El gramaje es por jabón.,./competitors/Guadalajara/folletos\0011.jpg,7506306248809,16-12-2025,Farmacias Guadalajara," Pack de Jabón Dove Original, 2 pzas de 90 gr c/u.",http://www.farmaciasguadalajara.com/departamento/higiene-y-belleza/pack-de-jabon-dove-original-2-pzas-de-90-gr-c-u-1387570
,MULTIPLE_PRODUCTOS,Cuidado Personal,MULTIPLE_PRODUCTOS,,,20% de ahorro,01 al 14 de diciembre del 2025,,,,Aplica a Toallas Always o Pantiprotectores Naturella y Always. Excepto packs.,./competitors/Guadalajara/folletos\0011.jpg,,16-12-2025,Farmacias Guadalajara,,
,MULTIPLE_PRODUCTOS,Cuidado Personal,MULTIPLE_PRODUCTOS,,,25% de ahorro,01 al 14 de diciembre del 2025,,,,Aplica a Enjuagues bucales y cepillos eléctricos Oral-B o Línea Fixodent,./competitors/Guadalajara/folletos\0011.jpg,,16-12-2025,Farmacias Guadalajara,,
1352440,Toallas Mia,Cuidado Personal,Mia,,,40% de ahorro,01 al 14 de diciembre del 2025,,,,,./competitors/Guadalajara/folletos\0011.jpg,13117031225,16-12-2025,Farmacias Guadalajara," Mía Toalla Femenina Híper Larga Flujo Híper Abundante, 10 pzas.",http://www.farmaciasguadalajara.com/departamento/higiene-y-belleza/mia-toalla-femenina-hiper-larga-flujo-hiper-abundante-10-pzas-1352440
,MULTIPLE_PRODUCTOS,Cuidado Personal,MULTIPLE_PRODUCTOS,,,20% de ahorro,01 al 14 de diciembre del 2025,,,,Aplica a Almohadillas Atlanta y Línea Prinsel,./competitors/Guadalajara/folletos\0011.jpg,,16-12-2025,Farmacias Guadalajara,,
1266373,Pasta Colgate Sensitive Pro Alivio,Cuidado Personal,Colgate,30,gr,2 por $20.00,01 al 14 de diciembre del 2025,,,,,./competitors/Guadalajara/folletos\0011.jpg,7891024005446,16-12-2025,Farmacias Guadalajara," Pasta Dental Colgate Sensitive Pro-Alivio, 20 ml.",http://www.farmaciasguadalajara.com/departamento/higiene-y-belleza/pasta-dental-colgate-sensitive-pro-alivio-20-ml-1266373
808377,ACEITE KERNEL VEGETAL,Abarrotes,KERNEL,800.0,ml,,01 al 14 de diciembre del 2025,,29.5,,,./competitors/Guadalajara/folletos\0012.jpg,20808372,16-12-2025,Farmacias Guadalajara," Aceite Vegetal Comestible Kernel, 800 ml.",http://www.farmaciasguadalajara.com/departamento/alimentos/aceite-vegetal-comestible-kernel-800-ml-808377
952796,AGUA BLUEBAY NATURAL,Bebidas,BLUEBAY,1.0,L,,01 al 14 de diciembre del 2025,,9.9,,,./competitors/Guadalajara/folletos\0012.jpg,20089313,16-12-2025,Farmacias Guadalajara," Agua Bluebay Natural, 1 l.",http://www.farmaciasguadalajara.com/departamento/bebidas-es/agua-bluebay-natural-1-l-952796
87165,CAFÉ MOLIÈRE SOLUBLE,Abarrotes,MOLIÈRE,50.0,gr,,01 al 14 de diciembre del 2025,,45.5,,,./competitors/Guadalajara/folletos\0012.jpg,20087166,16-12-2025,Farmacias Guadalajara," Café Soluble Molière Clásico, 50 gr.",http://www.farmaciasguadalajara.com/departamento/alimentos/cafe-soluble-molire-clasico-50-gr-87165
,MULTIPLE_PRODUCTOS,Dulces,CANDY MANDY,,,40% DE AHORRO,01 al 14 de diciembre del 2025,,,,"La promoción aplica para dulces Candy Mandy, excepto dots y casa jengibre.",./competitors/Guadalajara/folletos\0012.jpg,,16-12-2025,Farmacias Guadalajara,,
294420,MAYONESA HELLMANN'S CLÁSICA,Abarrotes,HELLMANN'S,390.0,gr,,01 al 14 de diciembre del 2025,,44.0,,,./competitors/Guadalajara/folletos\0012.jpg,7501005106948,16-12-2025,Farmacias Guadalajara," Mayonesa Hellmann's Clásica, 390 gr.",http://www.farmaciasguadalajara.com/departamento/alimentos/mayonesa-hellmanns-clasica-390-gr-294420
1303090,GALLETAS OREO,Abarrotes,OREO,114.0,gr,,01 al 14 de diciembre del 2025,,16.0,,La presentación puede ser de 105 ó 114 gr.,./competitors/Guadalajara/folletos\0012.jpg,7622210833662,16-12-2025,Farmacias Guadalajara," Galletas Oreo Sabor a Chocolate, 114 gr.",http://www.farmaciasguadalajara.com/departamento/alimentos/galletas-oreo-sabor-a-chocolate-114-gr-1303090
809527,CEREAL DULZIKIDS,Abarrotes,DULZIKIDS,600.0,gr,,01 al 14 de diciembre del 2025,,45.0,,,./competitors/Guadalajara/folletos\0012.jpg,20809522,16-12-2025,Farmacias Guadalajara," Cereal Dulzi Kids con Azúcar, 600 gr.",http://www.farmaciasguadalajara.com/departamento/alimentos/cereal-dulzi-kids-con-azucar-600-gr-809527
,MULTIPLE_PRODUCTOS,Bebidas,BONAFONT,1.0,L,2 por $34.00,01 al 14 de diciembre del 2025,,34.0,,La promoción aplica para bebidas Bonafont Levite o Juizzy. El precio de oferta corresponde al total de la promoción.,./competitors/Guadalajara/folletos\0012.jpg,,16-12-2025,Farmacias Guadalajara,,
859125,AGUA MINERAL BLUEBAY,Bebidas,BLUEBAY,2.0,L,,01 al 14 de diciembre del 2025,,15.9,,,./competitors/Guadalajara/folletos\0012.jpg,20859121,16-12-2025,Farmacias Guadalajara," Agua Mineral Bluebay, 2 l.",http://www.farmaciasguadalajara.com/departamento/bebidas-es/agua-mineral-bluebay-2-l-859125
,MULTIPLE_PRODUCTOS,Panadería,PAN BUENO,500.0,gr,,01 al 14 de diciembre del 2025,,40.0,,"La oferta aplica para Pan Bueno Multigrano, Centeno o Blanco.",./competitors/Guadalajara/folletos\0012.jpg,,16-12-2025,Farmacias Guadalajara,,
,MULTIPLE_PRODUCTOS,Lácteos,DANONE,150.0,gr,2 por $35.00,01 al 14 de diciembre del 2025,,35.0,,La promoción aplica para Yoghurt Danone Oikos. Excepto sabor vainilla. El precio de oferta corresponde al total de la promoción.,./competitors/Guadalajara/folletos\0012.jpg,,16-12-2025,Farmacias Guadalajara,,
858170,GALLETA CANDY MANDY CASA JENGIBRE,Abarrotes,CANDY MANDY,170,gr.,,01 al 14 de diciembre del 2025,,49.0,,,./competitors/Guadalajara/folletos\0013.jpg,858170,16-12-2025,Farmacias Guadalajara," Casa de Galleta de Jengibre Candy Mandy Armable, 170 g.",http://www.farmaciasguadalajara.com/departamento/alimentos/casa-de-galleta-de-jengibre-candy-mandy-armable-170-g-858170
,MULTIPLE_PRODUCTOS,Botanas,CRACKIS,,,,01 al 14 de diciembre del 2025,,21.0,,El precio aplica para Totopos 200 gr y Papas 90 gr.,./competitors/Guadalajara/folletos\0013.jpg,,16-12-2025,Farmacias Guadalajara,,
1256963,VINO TINTO LAMBRUSCO DOLCE AMORE,Vinos y Licores,DOLCE AMORE,750,ml.,,01 al 14 de diciembre del 2025,,140.0,,,./competitors/Guadalajara/folletos\0013.jpg,1256963,16-12-2025,Farmacias Guadalajara," Vino Tinto Lambrusco Dolce Amore Espumoso, 750 ml.",http://www.farmaciasguadalajara.com/departamento/bebidas-es/vino-tinto-lambrusco-dolce-amore-espumoso-750-ml-1256963
1037161,BEBIDAS OCEAN SPRAY ARÁNDANO Tetra Pak,Bebidas,OCEAN SPRAY,1,L.,2 por $50.00,01 al 14 de diciembre del 2025,,,,,./competitors/Guadalajara/folletos\0013.jpg,31200454560,16-12-2025,Farmacias Guadalajara," Bebida Ocean Spray Cranberry Classic, 1 l.",http://www.farmaciasguadalajara.com/departamento/bebidas-es/bebida-ocean-spray-cranberry-classic-1-l-1037161
,MULTIPLE_PRODUCTOS,Botanas,BOTANUKAS,,,30% DE AHORRO,01 al 14 de diciembre del 2025,,,,"El precio no está especificado, solo la promoción de descuento.",./competitors/Guadalajara/folletos\0013.jpg,,16-12-2025,Farmacias Guadalajara,,
1392344,CHOCOLATE IBARRA EN TABLILLA O GRANULADO,Abarrotes,IBARRA,320,gr.,20% DE AHORRO,01 al 14 de diciembre del 2025,,,,Excepto mini.,./competitors/Guadalajara/folletos\0013.jpg,7501014302355,16-12-2025,Farmacias Guadalajara," Chocolate Ibarra Granulado, 320 gr.",http://www.farmaciasguadalajara.com/departamento/alimentos/chocolate-ibarra-granulado-320-gr-1392344
996327,MAIZENA Sobre,Abarrotes,MAIZENA,47,gr.,3 por $33.00,01 al 14 de diciembre del 2025,,,,,./competitors/Guadalajara/folletos\0013.jpg,7501005106979,16-12-2025,Farmacias Guadalajara," Atole Maizena Sabor Vainilla, 47 gr.",http://www.farmaciasguadalajara.com/departamento/alimentos/atole-maizena-sabor-vainilla-47-gr-996327
859117,AGUA MINERAL BLUEBAY,Bebidas,BLUEBAY,600,ml.,,01 al 14 de diciembre del 2025,,7.5,,,./competitors/Guadalajara/folletos\0013.jpg,20859114,16-12-2025,Farmacias Guadalajara," Agua Mineral Bluebay, 600 ml.",http://www.farmaciasguadalajara.com/departamento/bebidas-es/agua-mineral-bluebay-600-ml-859117
,MULTIPLE_PRODUCTOS,Chocolates,FERRERO ROCHER,,,20% DE AHORRO,01 al 14 de diciembre del 2025,,,,La promoción aplica en estuches.,./competitors/Guadalajara/folletos\0013.jpg,,16-12-2025,Farmacias Guadalajara,,
806668,SOPAS DELI BELL,Abarrotes,DELI BELL,64,gr.,,01 al 14 de diciembre del 2025,,12.0,,,./competitors/Guadalajara/folletos\0013.jpg,20806668,16-12-2025,Farmacias Guadalajara," Sopa Instantánea Deli Bell Sabor a Pollo con Vegetales, 64 gr.",http://www.farmaciasguadalajara.com/departamento/alimentos/sopa-instantanea-deli-bell-sabor-a-pollo-con-vegetales-64-gr-806668
1465848,Aderogyl Pack,Medicina,Aderogyl,9,Ampolletas,,del 01 al 14 de diciembre del 2025,,199.0,,,./competitors/Guadalajara/folletos\0014.jpg,1465848,16-12-2025,Farmacias Guadalajara," Pack Aderogyl con Vitaminas A, C y D Fortalece el Sistema Inmune, 9 ampolletas con 3 ml c/u.",http://www.farmaciasguadalajara.com/vitaminas-y-suplementos/multivitaminas/pack-aderogyl-con-vitaminas-a-c-y-d-fortalece-el-sistema-inmune-9-ampolletas-con-3-ml-c-u-1465848
1086588,Lantus 100 U/ml. Solostar,Medicina,Lantus,5x3,ml,2 x 3345.00,del 01 al 14 de diciembre del 2025,,,,El precio de 3345.00 corresponde a la compra de 2 unidades.,./competitors/Guadalajara/folletos\0014.jpg,7501165006157,16-12-2025,Farmacias Guadalajara," Lantus SoloStar 100U/ml Solución Inyectable 5 Plumas Precargadas, 3 ml c/u.",http://www.farmaciasguadalajara.com/salud-es/diabetes-endocrinas/lantus-solostar-100u-ml-solucion-inyectable-5-plumas-precargadas-3-ml-c-u-1086588
1377540,Electrolife Zero,Hidratación Oral,Electrolife,625,ml,,del 01 al 14 de diciembre del 2025,,24.9,,,./competitors/Guadalajara/folletos\0014.jpg,7502268541491,16-12-2025,Farmacias Guadalajara," Bebida Hidratante Electrolife Zero Sabor Uva, 625 ml.",http://www.farmaciasguadalajara.com/salud-es/es-sueros/bebida-hidratante-electrolife-zero-sabor-uva-625-ml-1377540
,MULTIPLE_PRODUCTOS,Aparatos Médicos,Omron,,,40% de ahorro,del 01 al 14 de diciembre del 2025,,,,La promoción aplica a Monitores y Nebulizadores de la marca.,./competitors/Guadalajara/folletos\0014.jpg,,16-12-2025,Farmacias Guadalajara,,
,MULTIPLE_PRODUCTOS,Broncodilatadores,Trelegy,,,35% de ahorro,del 01 al 14 de diciembre del 2025,,,,La promoción aplica a la línea Trelegy.,./competitors/Guadalajara/folletos\0014.jpg,,16-12-2025,Farmacias Guadalajara,,
1199811,Metformina/Glibenclamida 500/5 mg,Antidiabetes,Pharmalife,30,tabletas,,del 01 al 14 de diciembre del 2025,,31.5,,,./competitors/Guadalajara/folletos\0014.jpg,7501573906131,16-12-2025,Farmacias Guadalajara," Metformina-Glibenclamida 500mg/5mg, 30 Tabletas Pharmalife.",http://www.farmaciasguadalajara.com/salud-es/diabetes-endocrinas/metformina-glibenclamida-500mg-5mg-30-tabletas-pharmalife-1199811
1363123,Ricola Sin Azúcar,Vías Respiratorias,Ricola,27.5,gr,,del 01 al 14 de diciembre del 2025,,24.0,,,./competitors/Guadalajara/folletos\0014.jpg,7610700001899,16-12-2025,Farmacias Guadalajara," Ricola Pastillas Herbales para la Garganta Original Sin Azúcar en Cajilla, 27.5 gr.",http://www.farmaciasguadalajara.com/salud-es/es-respiratorio/ricola-pastillas-herbales-para-la-garganta-original-sin-azucar-en-cajilla-275-gr-1363123
1085077,Amlodipino 5 mg,Cardiovasculares,Pharmalife,30,tabletas,,del 01 al 14 de diciembre del 2025,,62.5,,,./competitors/Guadalajara/folletos\0014.jpg,7501644742002,16-12-2025,Farmacias Guadalajara," Amlodipino 5 mg, 30 Tabletas Pharmalife.",http://www.farmaciasguadalajara.com/salud-es/circulatorio-es/amlodipino-5-mg-30-tabletas-pharmalife-1085077
,MULTIPLE_PRODUCTOS,Vías Respiratorias,ACC,20,tabletas efervecentes,35% de ahorro,del 01 al 14 de diciembre del 2025,,,,Promoción aplica a las presentaciones de 200 y 600 mg.,./competitors/Guadalajara/folletos\0014.jpg,,16-12-2025,Farmacias Guadalajara,,
1079174,Diclofenaco gel,Antiartrítico,Pharmalife,30,gr,,del 01 al 14 de diciembre del 2025,,31.5,,,./competitors/Guadalajara/folletos\0014.jpg,7501109752935,16-12-2025,Farmacias Guadalajara," Diclofenaco Gel 1 g, 30 gr Pharmalife.",http://www.farmaciasguadalajara.com/salud-es/dolor-es/diclofenaco-gel-1-g-30-gr-pharmalife-1079174
1418173,"Trimebutina, Simeticona 200 mg/75 mg",Medicina,Apotex,24,comprimidos,,del 01 al 14 de diciembre del 2025,,519.0,,,./competitors/Guadalajara/folletos\0014.jpg,7501124185350,16-12-2025,Farmacias Guadalajara," Trimebutina, Simeticona 200mg/75mg, 24 Comprimidos Pharmalife.",http://www.farmaciasguadalajara.com/salud-es/dolor-es/trimebutina-simeticona-200mg-75mg-24-comprimidos-pharmalife-1418173
1136950,Espasport Naproxeno Sódico 550 mg,Medicina,Espasport,12,tabletas,,del 01 al 14 de diciembre del 2025,,95.0,,,./competitors/Guadalajara/folletos\0014.jpg,7501384543143,16-12-2025,Farmacias Guadalajara," Naproxeno Sódico 550 mg, 12 Tabletas Pharmalife.",http://www.farmaciasguadalajara.com/salud-es/dolor-es/naproxeno-sodico-550-mg-12-tabletas-pharmalife-1136950
,MULTIPLE_PRODUCTOS,Medicina,Flanax,,,30% DE AHORRO,del 01 al 14 de diciembre del 2025,,,,La promoción aplica a toda la línea Flanax.,./competitors/Guadalajara/folletos\0015.jpg,,16-12-2025,Farmacias Guadalajara,,
15253,Antifludes 24 cápsulas,Antigripales,Antiflu-Des,24.0,cápsulas,,del 01 al 14 de diciembre del 2025,,126.0,,,./competitors/Guadalajara/folletos\0015.jpg,7501088509773,16-12-2025,Farmacias Guadalajara," Antiflu-Des, 24 Cápsulas.",http://www.farmaciasguadalajara.com/salud-es/es-respiratorio/antiflu-des-24-capsulas-15253
1404571,Vitamina C 60 tabletas,Vitaminas,Pharmalife Natura,1000.7,mg,,del 01 al 14 de diciembre del 2025,,72.0,,,./competitors/Guadalajara/folletos\0015.jpg,7501478316769,16-12-2025,Farmacias Guadalajara," Vitamina C 1000.70 mg, 60 Tabletas Pharmalife Natura.",http://www.farmaciasguadalajara.com/vitaminas-y-suplementos/suplementos-alimenticios/vitamina-c-100070-mg-60-tabletas-pharmalife-natura-1404571
1086561,Clindamicina 16 cápsulas,Antibióticos,Pharmalife,300.0,mg,,del 01 al 14 de diciembre del 2025,,94.0,,*Su venta requiere receta médica,./competitors/Guadalajara/folletos\0015.jpg,7501258209113,16-12-2025,Farmacias Guadalajara," Clindamicina 300 mg, 16 Cápsulas Pharmalife.",http://www.farmaciasguadalajara.com/salud-es/antibioticos-es/clindamicina-300-mg-16-capsulas-pharmalife-1086561
1193368,Bromhexina Solución Infantil,Broncodilatadores,Pharmalife,100.0,ml,,del 01 al 14 de diciembre del 2025,,40.9,,El gramaje del principio activo es de 80 mg.,./competitors/Guadalajara/folletos\0015.jpg,7501573905875,16-12-2025,Farmacias Guadalajara," Bromhexina Solución Infantil 80 mg, 100 ml Pharmalife.",http://www.farmaciasguadalajara.com/salud-es/es-respiratorio/bromhexina-solucion-infantil-80-mg-100-ml-pharmalife-1193368
903760,Clorfenamina Compuesta 10 tabletas,Antigripales,Pharmalife,10.0,tabletas,,del 01 al 14 de diciembre del 2025,,13.0,,,./competitors/Guadalajara/folletos\0015.jpg,7501109752423,16-12-2025,Farmacias Guadalajara," Clorfenamina Compuesta, 10 Tabletas.",http://www.farmaciasguadalajara.com/salud-es/es-respiratorio/clorfenamina-compuesta-10-tabletas-903760
1409352,Vydura 2 tabletas,Medicina,Vydura,75.0,mg,35% DE AHORRO,del 01 al 14 de diciembre del 2025,,,,Su venta requiere receta médica.,./competitors/Guadalajara/folletos\0015.jpg,5415062105641,16-12-2025,Farmacias Guadalajara," Vydura 75 mg, 2 Tabletas Orodispersables.",http://www.farmaciasguadalajara.com/salud-es/dolor-es/vydura-75-mg-2-tabletas-orodispersables-1409352
1304461,Histiacil Fam Adulto,Medicina,Histiacil,140.0,ml,,del 01 al 14 de diciembre del 2025,,139.0,,El precio aplica para la presentación Adulto o Infantil.,./competitors/Guadalajara/folletos\0015.jpg,7501165010673,16-12-2025,Farmacias Guadalajara," Histiacil FAM Jarabe Adulto Fresa Acción 3 en 1, 140 ml.",http://www.farmaciasguadalajara.com/salud-es/es-respiratorio/histiacil-fam-jarabe-adulto-fresa-accion-3-en-1-140-ml-1304461
1304453,Histiacil Fam Infantil,Medicina,Histiacil,140.0,ml,,del 01 al 14 de diciembre del 2025,,139.0,,El precio aplica para la presentación Adulto o Infantil.,./competitors/Guadalajara/folletos\0015.jpg,7501165010727,16-12-2025,Farmacias Guadalajara," Histiacil FAM Jarabe Infantil Fresa, 140 ml.",http://www.farmaciasguadalajara.com/salud-es/es-respiratorio/histiacil-fam-jarabe-infantil-fresa-140-ml-1304453
1226592,Mucoangin 20 mg. Limón 18 pastillas,Medicina,Mucoangin,20.0,mg,,del 01 al 14 de diciembre del 2025,,109.0,,,./competitors/Guadalajara/folletos\0015.jpg,7501165011427,16-12-2025,Farmacias Guadalajara," Mucoangin Alivio del Dolor de Garganta 20 mg Sabor Limón, 18 Pastillas.",http://www.farmaciasguadalajara.com/salud-es/es-respiratorio/mucoangin-alivio-del-dolor-de-garganta-20-mg-sabor-limon-18-pastillas-1226592
,MULTIPLE_PRODUCTOS,Dermo,LA ROCHE-POSAY,,,,Vigencia del 01 al 14 de diciembre del 2025,,,,"La imagen publicita marcas, no productos específicos con precios o detalles.",./competitors/Guadalajara/folletos\0016.jpg,,16-12-2025,Farmacias Guadalajara,,
,MULTIPLE_PRODUCTOS,Dermo,ISDIN,,,,Vigencia del 01 al 14 de diciembre del 2025,,,,"La imagen publicita marcas, no productos específicos con precios o detalles.",./competitors/Guadalajara/folletos\0016.jpg,,16-12-2025,Farmacias Guadalajara,,
,MULTIPLE_PRODUCTOS,Dermo,KDELLE,,,,Vigencia del 01 al 14 de diciembre del 2025,,,,"La imagen publicita marcas, no productos específicos con precios o detalles.",./competitors/Guadalajara/folletos\0016.jpg,,16-12-2025,Farmacias Guadalajara,,
,MULTIPLE_PRODUCTOS,Dermo,ECLIPSOL,,,,Vigencia del 01 al 14 de diciembre del 2025,,,,"La imagen publicita marcas, no productos específicos con precios o detalles.",./competitors/Guadalajara/folletos\0016.jpg,,16-12-2025,Farmacias Guadalajara,,
,MULTIPLE_PRODUCTOS,Dermo,DEXERYL,,,,Vigencia del 01 al 14 de diciembre del 2025,,,,"La imagen publicita marcas, no productos específicos con precios o detalles.",./competitors/Guadalajara/folletos\0016.jpg,,16-12-2025,Farmacias Guadalajara,,
,MULTIPLE_PRODUCTOS,Dermo,Umbrella,,,,Vigencia del 01 al 14 de diciembre del 2025,,,,"La imagen publicita marcas, no productos específicos con precios o detalles.",./competitors/Guadalajara/folletos\0016.jpg,,16-12-2025,Farmacias Guadalajara,,
,MULTIPLE_PRODUCTOS,Dermo,Mustela,,,,Vigencia del 01 al 14 de diciembre del 2025,,,,"La imagen publicita marcas, no productos específicos con precios o detalles.",./competitors/Guadalajara/folletos\0016.jpg,,16-12-2025,Farmacias Guadalajara,,
,MULTIPLE_PRODUCTOS,Dermo,DUCRAY,,,,Vigencia del 01 al 14 de diciembre del 2025,,,,"La imagen publicita marcas, no productos específicos con precios o detalles.",./competitors/Guadalajara/folletos\0016.jpg,,16-12-2025,Farmacias Guadalajara,,
,MULTIPLE_PRODUCTOS,Dermo,EAU THERMALE Avène,,,,Vigencia del 01 al 14 de diciembre del 2025,,,,"La imagen publicita marcas, no productos específicos con precios o detalles.",./competitors/Guadalajara/folletos\0016.jpg,,16-12-2025,Farmacias Guadalajara,,
,MULTIPLE_PRODUCTOS,Dermo,Glenmark,,,,Vigencia del 01 al 14 de diciembre del 2025,,,,"La imagen publicita marcas, no productos específicos con precios o detalles.",./competitors/Guadalajara/folletos\0016.jpg,,16-12-2025,Farmacias Guadalajara,,
,MULTIPLE_PRODUCTOS,Dermo,Eucerin,,,,Vigencia del 01 al 14 de diciembre del 2025,,,,"La imagen publicita marcas, no productos específicos con precios o detalles.",./competitors/Guadalajara/folletos\0016.jpg,,16-12-2025,Farmacias Guadalajara,,
,MULTIPLE_PRODUCTOS,Dermo,Cetaphil,,,,Vigencia del 01 al 14 de diciembre del 2025,,,,"La imagen publicita marcas, no productos específicos con precios o detalles.",./competitors/Guadalajara/folletos\0016.jpg,,16-12-2025,Farmacias Guadalajara,,
,MULTIPLE_PRODUCTOS,Dermo,CeraVe,,,,Vigencia del 01 al 14 de diciembre del 2025,,,,"La imagen publicita marcas, no productos específicos con precios o detalles.",./competitors/Guadalajara/folletos\0016.jpg,,16-12-2025,Farmacias Guadalajara,,
